{
    "resultCode": "success",
    "result": {
        "pollingInterval": 70000,
        "areas": [{
            "name": "SERVICE_RECENT_ITEM",
            "datas": [{
                "cd": "251270",
                "nm": "넷마블",
                "sv": 57700,
                "nv": 55900,
                "cv": 1800,
                "cr": 3.12,
                "rf": "5",
                "mt": "1",
                "ms": "CLOSE",
                "tyn": "N",
                "pcv": 57700,
                "ov": 56800,
                "hv": 57100,
                "lv": 55300,
                "ul": 75000,
                "ll": 40400,
                "aq": 256369,
                "aa": 14365000000,
                "nav": null,
                "keps": 2933,
                "eps": -3474,
                "bps": 70705.76134,
                "cnsEps": -236,
                "dv": 528.00000
            }]
        }, {
            "name": "SERVICE_ITEM",
            "datas": [{
                "cd": "251270",
                "nm": "넷마블",
                "sv": 57700,
                "nv": 55900,
                "cv": 1800,
                "cr": 3.12,
                "rf": "5",
                "mt": "1",
                "ms": "CLOSE",
                "tyn": "N",
                "pcv": 57700,
                "ov": 56800,
                "hv": 57100,
                "lv": 55300,
                "ul": 75000,
                "ll": 40400,
                "aq": 256369,
                "aa": 14365000000,
                "nav": null,
                "keps": 2933,
                "eps": -3474,
                "bps": 70705.76134,
                "cnsEps": -236,
                "dv": 528.00000
            }]
        }],
        "time": 1678519901873
    }
}
